-- MariaDB dump 10.19-11.3.2-MariaDB, for Linux (x86_64)
--
-- Host: 127.0.0.1    Database: cmmchandler
-- ------------------------------------------------------
-- Server version	11.3.2-MariaDB-1:11.3.2+maria~ubu2204

/*!40101 SET @OLD_CHARACTER_SET_CLIENT=@@CHARACTER_SET_CLIENT */;
/*!40101 SET @OLD_CHARACTER_SET_RESULTS=@@CHARACTER_SET_RESULTS */;
/*!40101 SET @OLD_COLLATION_CONNECTION=@@COLLATION_CONNECTION */;
/*!40101 SET NAMES utf8mb4 */;
/*!40103 SET @OLD_TIME_ZONE=@@TIME_ZONE */;
/*!40103 SET TIME_ZONE='+00:00' */;
/*!40014 SET @OLD_UNIQUE_CHECKS=@@UNIQUE_CHECKS, UNIQUE_CHECKS=0 */;
/*!40014 SET @OLD_FOREIGN_KEY_CHECKS=@@FOREIGN_KEY_CHECKS, FOREIGN_KEY_CHECKS=0 */;
/*!40101 SET @OLD_SQL_MODE=@@SQL_MODE, SQL_MODE='NO_AUTO_VALUE_ON_ZERO' */;
/*!40111 SET @OLD_SQL_NOTES=@@SQL_NOTES, SQL_NOTES=0 */;

--
-- Table structure for table `policies_section`
--

DROP TABLE IF EXISTS `policies_section`;
/*!40101 SET @saved_cs_client     = @@character_set_client */;
/*!40101 SET character_set_client = utf8 */;
CREATE TABLE `policies_section` (
  `id` smallint(5) unsigned NOT NULL CHECK (`id` >= 0),
  PRIMARY KEY (`id`)
) ENGINE=InnoDB DEFAULT CHARSET=utf8mb4 COLLATE=utf8mb4_general_ci;
/*!40101 SET character_set_client = @saved_cs_client */;

--
-- Dumping data for table `policies_section`
--

LOCK TABLES `policies_section` WRITE;
/*!40000 ALTER TABLE `policies_section` DISABLE KEYS */;
INSERT INTO `policies_section` VALUES
(1),
(2),
(3),
(4),
(5),
(6),
(7),
(8),
(9),
(10),
(11),
(12),
(13),
(14);
/*!40000 ALTER TABLE `policies_section` ENABLE KEYS */;
UNLOCK TABLES;

--
-- Table structure for table `policies_control`
--

DROP TABLE IF EXISTS `policies_control`;
/*!40101 SET @saved_cs_client     = @@character_set_client */;
/*!40101 SET character_set_client = utf8 */;
CREATE TABLE `policies_control` (
  `id` smallint(5) unsigned NOT NULL CHECK (`id` >= 0),
  `section_id` smallint(5) unsigned DEFAULT NULL,
  PRIMARY KEY (`id`),
  KEY `policies_control_section_id_7832e062_fk_policies_section_id` (`section_id`),
  CONSTRAINT `policies_control_section_id_7832e062_fk_policies_section_id` FOREIGN KEY (`section_id`) REFERENCES `policies_section` (`id`)
) ENGINE=InnoDB DEFAULT CHARSET=utf8mb4 COLLATE=utf8mb4_general_ci;
/*!40101 SET character_set_client = @saved_cs_client */;

--
-- Dumping data for table `policies_control`
--

LOCK TABLES `policies_control` WRITE;
/*!40000 ALTER TABLE `policies_control` DISABLE KEYS */;
INSERT INTO `policies_control` VALUES
(1,1),
(2,1),
(3,1),
(4,1),
(5,1),
(6,1),
(7,1),
(8,1),
(9,1),
(10,1),
(11,1),
(12,1),
(13,1),
(14,1),
(15,1),
(16,1),
(17,1),
(18,1),
(19,1),
(20,1),
(21,1),
(22,2),
(23,2),
(24,2),
(25,3),
(26,3),
(27,3),
(28,3),
(29,3),
(30,3),
(31,3),
(32,3),
(33,3),
(34,4),
(35,4),
(36,4),
(37,4),
(38,4),
(39,4),
(40,4),
(41,4),
(42,4),
(43,5),
(44,5),
(45,5),
(46,5),
(47,5),
(48,5),
(49,5),
(50,5),
(51,5),
(52,5),
(53,5),
(54,6),
(55,6),
(56,6),
(57,7),
(58,7),
(59,7),
(60,7),
(61,7),
(62,7),
(63,8),
(64,8),
(65,8),
(66,8),
(67,8),
(68,8),
(69,8),
(70,8),
(71,8),
(72,9),
(73,9),
(74,10),
(75,10),
(76,10),
(77,10),
(78,10),
(79,10),
(80,11),
(81,11),
(82,11),
(83,12),
(84,12),
(85,12),
(86,12),
(87,13),
(88,13),
(89,13),
(90,13),
(91,13),
(92,13),
(93,13),
(94,13),
(95,13),
(96,13),
(97,13),
(98,13),
(99,13),
(100,13),
(101,13),
(102,13),
(103,14),
(104,14),
(105,14),
(106,14),
(107,14),
(108,14),
(109,14);
/*!40000 ALTER TABLE `policies_control` ENABLE KEYS */;
UNLOCK TABLES;

--
-- Table structure for table `policies_assessment_objective`
--

DROP TABLE IF EXISTS `policies_assessment_objective`;
/*!40101 SET @saved_cs_client     = @@character_set_client */;
/*!40101 SET character_set_client = utf8 */;
CREATE TABLE `policies_assessment_objective` (
  `id` bigint(20) NOT NULL AUTO_INCREMENT,
  `letter` varchar(2) NOT NULL,
  `control_id` smallint(5) unsigned NOT NULL,
  PRIMARY KEY (`id`),
  KEY `policies_assessment__control_id_a2a9ed04_fk_policies_` (`control_id`),
  CONSTRAINT `policies_assessment__control_id_a2a9ed04_fk_policies_` FOREIGN KEY (`control_id`) REFERENCES `policies_control` (`id`)
) ENGINE=InnoDB AUTO_INCREMENT=1206 DEFAULT CHARSET=utf8mb4 COLLATE=utf8mb4_general_ci;
/*!40101 SET character_set_client = @saved_cs_client */;

--
-- Dumping data for table `policies_assessment_objective`
--

LOCK TABLES `policies_assessment_objective` WRITE;
/*!40000 ALTER TABLE `policies_assessment_objective` DISABLE KEYS */;
INSERT INTO `policies_assessment_objective` VALUES
(889,'a',1),
(890,'b',1),
(891,'c',1),
(892,'d',1),
(893,'e',1),
(894,'f',1),
(895,'a',2),
(896,'b',2),
(897,'a',3),
(898,'b',3),
(899,'c',3),
(900,'d',3),
(901,'e',3),
(902,'f',3),
(903,'a',4),
(904,'b',4),
(905,'c',4),
(906,'d',4),
(907,'e',4),
(908,'a',5),
(909,'b',5),
(910,'c',5),
(911,'d',5),
(912,'e',5),
(913,'a',6),
(914,'b',6),
(915,'c',6),
(916,'a',7),
(917,'b',7),
(918,'c',7),
(919,'d',7),
(920,'a',8),
(921,'b',8),
(922,'a',9),
(923,'b',9),
(924,'c',9),
(925,'d',9),
(926,'a',10),
(927,'b',10),
(928,'a',11),
(929,'b',11),
(930,'a',12),
(931,'b',12),
(932,'c',12),
(933,'a',13),
(934,'b',13),
(935,'a',14),
(936,'b',14),
(937,'c',14),
(938,'d',14),
(939,'a',15),
(940,'b',15),
(941,'a',16),
(942,'b',16),
(943,'a',17),
(944,'b',17),
(945,'c',17),
(946,'d',17),
(947,'a',18),
(948,'b',18),
(949,'a',19),
(950,'b',19),
(951,'a',20),
(952,'b',20),
(953,'c',20),
(954,'a',21),
(955,'b',21),
(956,'a',22),
(957,'b',22),
(958,'c',22),
(959,'d',22),
(960,'a',23),
(961,'b',23),
(962,'c',23),
(963,'a',24),
(964,'b',24),
(965,'a',25),
(966,'b',25),
(967,'c',25),
(968,'d',25),
(969,'e',25),
(970,'f',25),
(971,'a',26),
(972,'b',26),
(973,'a',27),
(974,'b',27),
(975,'c',27),
(976,'a',28),
(977,'b',28),
(978,'c',28),
(979,'a',29),
(980,'b',29),
(981,'a',30),
(982,'b',30),
(983,'a',31),
(984,'b',31),
(985,'c',31),
(986,'a',32),
(987,'b',32),
(988,'c',32),
(989,'d',32),
(990,'e',32),
(991,'f',32),
(992,'a',33),
(993,'b',33),
(994,'a',34),
(995,'b',34),
(996,'c',34),
(997,'d',34),
(998,'e',34),
(999,'f',34),
(1000,'a',35),
(1001,'b',35),
(1002,'a',36),
(1003,'b',36),
(1004,'c',36),
(1005,'d',36),
(1006,'a',37),
(1007,'a',38),
(1008,'b',38),
(1009,'c',38),
(1010,'d',38),
(1011,'e',38),
(1012,'f',38),
(1013,'g',38),
(1014,'h',38),
(1015,'a',39),
(1016,'b',39),
(1017,'a',40),
(1018,'b',40),
(1019,'c',40),
(1020,'d',40),
(1021,'e',40),
(1022,'f',40),
(1023,'g',40),
(1024,'h',40),
(1025,'i',40),
(1026,'j',40),
(1027,'k',40),
(1028,'l',40),
(1029,'m',40),
(1030,'n',40),
(1031,'o',40),
(1032,'a',41),
(1033,'b',41),
(1034,'c',41),
(1035,'a',42),
(1036,'b',42),
(1037,'c',42),
(1038,'a',43),
(1039,'b',43),
(1040,'c',43),
(1041,'a',44),
(1042,'b',44),
(1043,'c',44),
(1044,'a',45),
(1045,'b',45),
(1046,'c',45),
(1047,'d',45),
(1048,'a',46),
(1049,'a',47),
(1050,'b',47),
(1051,'a',48),
(1052,'b',48),
(1053,'a',49),
(1054,'b',49),
(1055,'c',49),
(1056,'d',49),
(1057,'a',50),
(1058,'b',50),
(1059,'a',51),
(1060,'a',52),
(1061,'b',52),
(1062,'a',53),
(1063,'a',54),
(1064,'b',54),
(1065,'c',54),
(1066,'d',54),
(1067,'e',54),
(1068,'f',54),
(1069,'g',54),
(1070,'a',55),
(1071,'b',55),
(1072,'c',55),
(1073,'d',55),
(1074,'e',55),
(1075,'f',55),
(1076,'a',56),
(1077,'a',57),
(1078,'a',58),
(1079,'b',58),
(1080,'c',58),
(1081,'d',58),
(1082,'a',59),
(1083,'a',60),
(1084,'a',61),
(1085,'b',61),
(1086,'a',62),
(1087,'a',63),
(1088,'b',63),
(1089,'a',64),
(1090,'b',64),
(1091,'c',64),
(1092,'d',64),
(1093,'a',65),
(1094,'a',66),
(1095,'b',66),
(1096,'a',67),
(1097,'b',67),
(1098,'a',68),
(1099,'a',69),
(1100,'a',70),
(1101,'a',71),
(1102,'a',72),
(1103,'a',73),
(1104,'b',73),
(1105,'c',73),
(1106,'a',74),
(1107,'b',74),
(1108,'c',74),
(1109,'d',74),
(1110,'a',75),
(1111,'b',75),
(1112,'a',76),
(1113,'a',77),
(1114,'b',77),
(1115,'c',77),
(1116,'a',78),
(1117,'b',78),
(1118,'c',78),
(1119,'d',78),
(1120,'a',79),
(1121,'b',79),
(1122,'a',80),
(1123,'b',80),
(1124,'a',81),
(1125,'b',81),
(1126,'c',81),
(1127,'d',81),
(1128,'e',81),
(1129,'a',82),
(1130,'b',82),
(1131,'a',83),
(1132,'b',83),
(1133,'a',84),
(1134,'b',84),
(1135,'c',84),
(1136,'a',85),
(1137,'a',86),
(1138,'b',86),
(1139,'c',86),
(1140,'d',86),
(1141,'e',86),
(1142,'f',86),
(1143,'g',86),
(1144,'h',86),
(1145,'a',87),
(1146,'b',87),
(1147,'c',87),
(1148,'d',87),
(1149,'e',87),
(1150,'f',87),
(1151,'g',87),
(1152,'h',87),
(1153,'a',88),
(1154,'b',88),
(1155,'a',89),
(1156,'b',89),
(1157,'c',89),
(1158,'d',89),
(1159,'e',89),
(1160,'f',89),
(1161,'a',90),
(1162,'b',90),
(1163,'c',90),
(1164,'a',91),
(1165,'a',92),
(1166,'b',92),
(1167,'a',93),
(1168,'a',94),
(1169,'b',94),
(1170,'c',94),
(1171,'a',95),
(1172,'b',95),
(1173,'c',95),
(1174,'a',96),
(1175,'b',96),
(1176,'a',97),
(1177,'a',98),
(1178,'b',98),
(1179,'c',98),
(1180,'a',99),
(1181,'b',99),
(1182,'a',100),
(1183,'b',100),
(1184,'a',101),
(1185,'a',102),
(1186,'a',103),
(1187,'b',103),
(1188,'c',103),
(1189,'d',103),
(1190,'e',103),
(1191,'f',103),
(1192,'a',104),
(1193,'b',104),
(1194,'a',105),
(1195,'a',106),
(1196,'b',106),
(1197,'c',106),
(1198,'a',107),
(1199,'b',107),
(1200,'c',107),
(1201,'a',108),
(1202,'b',108),
(1203,'c',108),
(1204,'a',109),
(1205,'b',109);
/*!40000 ALTER TABLE `policies_assessment_objective` ENABLE KEYS */;
UNLOCK TABLES;
/*!40103 SET TIME_ZONE=@OLD_TIME_ZONE */;

/*!40101 SET SQL_MODE=@OLD_SQL_MODE */;
/*!40014 SET FOREIGN_KEY_CHECKS=@OLD_FOREIGN_KEY_CHECKS */;
/*!40014 SET UNIQUE_CHECKS=@OLD_UNIQUE_CHECKS */;
/*!40101 SET CHARACTER_SET_CLIENT=@OLD_CHARACTER_SET_CLIENT */;
/*!40101 SET CHARACTER_SET_RESULTS=@OLD_CHARACTER_SET_RESULTS */;
/*!40101 SET COLLATION_CONNECTION=@OLD_COLLATION_CONNECTION */;
/*!40111 SET SQL_NOTES=@OLD_SQL_NOTES */;

-- Dump completed on 2024-03-08 19:24:55
