[
  { "model": "policies.revision", "pk": 1, "fields": { "version": "1.0" } },
  { "model": "policies.section", "pk": 1, "fields": {} },
  { "model": "policies.section", "pk": 2, "fields": {} },
  { "model": "policies.section", "pk": 3, "fields": {} },
  { "model": "policies.section", "pk": 4, "fields": {} },
  { "model": "policies.section", "pk": 5, "fields": {} },
  { "model": "policies.section", "pk": 6, "fields": {} },
  { "model": "policies.section", "pk": 7, "fields": {} },
  { "model": "policies.section", "pk": 8, "fields": {} },
  { "model": "policies.section", "pk": 9, "fields": {} },
  { "model": "policies.section", "pk": 10, "fields": {} },
  { "model": "policies.section", "pk": 11, "fields": {} },
  { "model": "policies.section", "pk": 12, "fields": {} },
  { "model": "policies.section", "pk": 13, "fields": {} },
  { "model": "policies.section", "pk": 14, "fields": {} },
  { "model": "policies.control", "pk": 1, "fields": { "section": 1 } },
  { "model": "policies.control", "pk": 2, "fields": { "section": 1 } },
  { "model": "policies.control", "pk": 3, "fields": { "section": 1 } },
  { "model": "policies.control", "pk": 4, "fields": { "section": 1 } },
  { "model": "policies.control", "pk": 5, "fields": { "section": 1 } },
  { "model": "policies.control", "pk": 6, "fields": { "section": 1 } },
  { "model": "policies.control", "pk": 7, "fields": { "section": 1 } },
  { "model": "policies.control", "pk": 8, "fields": { "section": 1 } },
  { "model": "policies.control", "pk": 9, "fields": { "section": 1 } },
  { "model": "policies.control", "pk": 10, "fields": { "section": 1 } },
  { "model": "policies.control", "pk": 11, "fields": { "section": 1 } },
  { "model": "policies.control", "pk": 12, "fields": { "section": 1 } },
  { "model": "policies.control", "pk": 13, "fields": { "section": 1 } },
  { "model": "policies.control", "pk": 14, "fields": { "section": 1 } },
  { "model": "policies.control", "pk": 15, "fields": { "section": 1 } },
  { "model": "policies.control", "pk": 16, "fields": { "section": 1 } },
  { "model": "policies.control", "pk": 17, "fields": { "section": 1 } },
  { "model": "policies.control", "pk": 18, "fields": { "section": 1 } },
  { "model": "policies.control", "pk": 19, "fields": { "section": 1 } },
  { "model": "policies.control", "pk": 20, "fields": { "section": 1 } },
  { "model": "policies.control", "pk": 21, "fields": { "section": 1 } },
  { "model": "policies.control", "pk": 22, "fields": { "section": 1 } },
  { "model": "policies.control", "pk": 23, "fields": { "section": 2 } },
  { "model": "policies.control", "pk": 24, "fields": { "section": 2 } },
  { "model": "policies.control", "pk": 25, "fields": { "section": 2 } },
  { "model": "policies.control", "pk": 26, "fields": { "section": 3 } },
  { "model": "policies.control", "pk": 27, "fields": { "section": 3 } },
  { "model": "policies.control", "pk": 28, "fields": { "section": 3 } },
  { "model": "policies.control", "pk": 29, "fields": { "section": 3 } },
  { "model": "policies.control", "pk": 30, "fields": { "section": 3 } },
  { "model": "policies.control", "pk": 31, "fields": { "section": 3 } },
  { "model": "policies.control", "pk": 32, "fields": { "section": 3 } },
  { "model": "policies.control", "pk": 33, "fields": { "section": 3 } },
  { "model": "policies.control", "pk": 34, "fields": { "section": 3 } },
  { "model": "policies.control", "pk": 35, "fields": { "section": 4 } },
  { "model": "policies.control", "pk": 36, "fields": { "section": 4 } },
  { "model": "policies.control", "pk": 37, "fields": { "section": 4 } },
  { "model": "policies.control", "pk": 38, "fields": { "section": 4 } },
  { "model": "policies.control", "pk": 39, "fields": { "section": 4 } },
  { "model": "policies.control", "pk": 40, "fields": { "section": 4 } },
  { "model": "policies.control", "pk": 41, "fields": { "section": 4 } },
  { "model": "policies.control", "pk": 42, "fields": { "section": 4 } },
  { "model": "policies.control", "pk": 43, "fields": { "section": 4 } },
  { "model": "policies.control", "pk": 44, "fields": { "section": 5 } },
  { "model": "policies.control", "pk": 45, "fields": { "section": 5 } },
  { "model": "policies.control", "pk": 46, "fields": { "section": 5 } },
  { "model": "policies.control", "pk": 47, "fields": { "section": 5 } },
  { "model": "policies.control", "pk": 48, "fields": { "section": 5 } },
  { "model": "policies.control", "pk": 49, "fields": { "section": 5 } },
  { "model": "policies.control", "pk": 50, "fields": { "section": 5 } },
  { "model": "policies.control", "pk": 51, "fields": { "section": 5 } },
  { "model": "policies.control", "pk": 52, "fields": { "section": 5 } },
  { "model": "policies.control", "pk": 53, "fields": { "section": 5 } },
  { "model": "policies.control", "pk": 54, "fields": { "section": 5 } },
  { "model": "policies.control", "pk": 55, "fields": { "section": 6 } },
  { "model": "policies.control", "pk": 56, "fields": { "section": 6 } },
  { "model": "policies.control", "pk": 57, "fields": { "section": 6 } },
  { "model": "policies.control", "pk": 58, "fields": { "section": 7 } },
  { "model": "policies.control", "pk": 59, "fields": { "section": 7 } },
  { "model": "policies.control", "pk": 60, "fields": { "section": 7 } },
  { "model": "policies.control", "pk": 61, "fields": { "section": 7 } },
  { "model": "policies.control", "pk": 62, "fields": { "section": 7 } },
  { "model": "policies.control", "pk": 63, "fields": { "section": 7 } },
  { "model": "policies.control", "pk": 64, "fields": { "section": 8 } },
  { "model": "policies.control", "pk": 65, "fields": { "section": 8 } },
  { "model": "policies.control", "pk": 66, "fields": { "section": 8 } },
  { "model": "policies.control", "pk": 67, "fields": { "section": 8 } },
  { "model": "policies.control", "pk": 68, "fields": { "section": 8 } },
  { "model": "policies.control", "pk": 69, "fields": { "section": 8 } },
  { "model": "policies.control", "pk": 70, "fields": { "section": 8 } },
  { "model": "policies.control", "pk": 71, "fields": { "section": 8 } },
  { "model": "policies.control", "pk": 72, "fields": { "section": 8 } },
  { "model": "policies.control", "pk": 73, "fields": { "section": 9 } },
  { "model": "policies.control", "pk": 74, "fields": { "section": 9 } },
  { "model": "policies.control", "pk": 75, "fields": { "section": 10 } },
  { "model": "policies.control", "pk": 76, "fields": { "section": 10 } },
  { "model": "policies.control", "pk": 77, "fields": { "section": 10 } },
  { "model": "policies.control", "pk": 78, "fields": { "section": 10 } },
  { "model": "policies.control", "pk": 79, "fields": { "section": 10 } },
  { "model": "policies.control", "pk": 80, "fields": { "section": 10 } },
  { "model": "policies.control", "pk": 81, "fields": { "section": 11 } },
  { "model": "policies.control", "pk": 82, "fields": { "section": 11 } },
  { "model": "policies.control", "pk": 83, "fields": { "section": 11 } },
  { "model": "policies.control", "pk": 84, "fields": { "section": 12 } },
  { "model": "policies.control", "pk": 85, "fields": { "section": 12 } },
  { "model": "policies.control", "pk": 86, "fields": { "section": 12 } },
  { "model": "policies.control", "pk": 87, "fields": { "section": 12 } },
  { "model": "policies.control", "pk": 88, "fields": { "section": 13 } },
  { "model": "policies.control", "pk": 89, "fields": { "section": 13 } },
  { "model": "policies.control", "pk": 90, "fields": { "section": 13 } },
  { "model": "policies.control", "pk": 91, "fields": { "section": 13 } },
  { "model": "policies.control", "pk": 92, "fields": { "section": 13 } },
  { "model": "policies.control", "pk": 93, "fields": { "section": 13 } },
  { "model": "policies.control", "pk": 94, "fields": { "section": 13 } },
  { "model": "policies.control", "pk": 95, "fields": { "section": 13 } },
  { "model": "policies.control", "pk": 96, "fields": { "section": 13 } },
  { "model": "policies.control", "pk": 97, "fields": { "section": 13 } },
  { "model": "policies.control", "pk": 98, "fields": { "section": 13 } },
  { "model": "policies.control", "pk": 99, "fields": { "section": 13 } },
  { "model": "policies.control", "pk": 100, "fields": { "section": 13 } },
  { "model": "policies.control", "pk": 101, "fields": { "section": 13 } },
  { "model": "policies.control", "pk": 102, "fields": { "section": 13 } },
  { "model": "policies.control", "pk": 103, "fields": { "section": 13 } },
  { "model": "policies.control", "pk": 104, "fields": { "section": 14 } },
  { "model": "policies.control", "pk": 105, "fields": { "section": 14 } },
  { "model": "policies.control", "pk": 106, "fields": { "section": 14 } },
  { "model": "policies.control", "pk": 107, "fields": { "section": 14 } },
  { "model": "policies.control", "pk": 108, "fields": { "section": 14 } },
  { "model": "policies.control", "pk": 109, "fields": { "section": 14 } },
  { "model": "policies.control", "pk": 110, "fields": { "section": 14 } },
  {
    "model": "policies.assessment_objective",
    "pk": 1,
    "fields": { "control": 1, "letter": "a" }
  },
  {
    "model": "policies.assessment_objective",
    "pk": 2,
    "fields": { "control": 1, "letter": "b" }
  },
  {
    "model": "policies.assessment_objective",
    "pk": 3,
    "fields": { "control": 1, "letter": "c" }
  },
  {
    "model": "policies.assessment_objective",
    "pk": 4,
    "fields": { "control": 1, "letter": "d" }
  },
  {
    "model": "policies.assessment_objective",
    "pk": 5,
    "fields": { "control": 1, "letter": "e" }
  },
  {
    "model": "policies.assessment_objective",
    "pk": 6,
    "fields": { "control": 1, "letter": "f" }
  },
  {
    "model": "policies.assessment_objective",
    "pk": 7,
    "fields": { "control": 2, "letter": "a" }
  },
  {
    "model": "policies.assessment_objective",
    "pk": 8,
    "fields": { "control": 2, "letter": "b" }
  },
  {
    "model": "policies.assessment_objective",
    "pk": 9,
    "fields": { "control": 3, "letter": "a" }
  },
  {
    "model": "policies.assessment_objective",
    "pk": 10,
    "fields": { "control": 3, "letter": "b" }
  },
  {
    "model": "policies.assessment_objective",
    "pk": 11,
    "fields": { "control": 3, "letter": "c" }
  },
  {
    "model": "policies.assessment_objective",
    "pk": 12,
    "fields": { "control": 3, "letter": "d" }
  },
  {
    "model": "policies.assessment_objective",
    "pk": 13,
    "fields": { "control": 3, "letter": "e" }
  },
  {
    "model": "policies.assessment_objective",
    "pk": 14,
    "fields": { "control": 3, "letter": "f" }
  },
  {
    "model": "policies.assessment_objective",
    "pk": 15,
    "fields": { "control": 4, "letter": "a" }
  },
  {
    "model": "policies.assessment_objective",
    "pk": 16,
    "fields": { "control": 4, "letter": "b" }
  },
  {
    "model": "policies.assessment_objective",
    "pk": 17,
    "fields": { "control": 4, "letter": "c" }
  },
  {
    "model": "policies.assessment_objective",
    "pk": 18,
    "fields": { "control": 4, "letter": "d" }
  },
  {
    "model": "policies.assessment_objective",
    "pk": 19,
    "fields": { "control": 4, "letter": "e" }
  },
  {
    "model": "policies.assessment_objective",
    "pk": 20,
    "fields": { "control": 5, "letter": "a" }
  },
  {
    "model": "policies.assessment_objective",
    "pk": 21,
    "fields": { "control": 5, "letter": "b" }
  },
  {
    "model": "policies.assessment_objective",
    "pk": 22,
    "fields": { "control": 5, "letter": "c" }
  },
  {
    "model": "policies.assessment_objective",
    "pk": 23,
    "fields": { "control": 5, "letter": "d" }
  },
  {
    "model": "policies.assessment_objective",
    "pk": 24,
    "fields": { "control": 5, "letter": "e" }
  },
  {
    "model": "policies.assessment_objective",
    "pk": 25,
    "fields": { "control": 6, "letter": "a" }
  },
  {
    "model": "policies.assessment_objective",
    "pk": 26,
    "fields": { "control": 6, "letter": "b" }
  },
  {
    "model": "policies.assessment_objective",
    "pk": 27,
    "fields": { "control": 6, "letter": "c" }
  },
  {
    "model": "policies.assessment_objective",
    "pk": 28,
    "fields": { "control": 7, "letter": "a" }
  },
  {
    "model": "policies.assessment_objective",
    "pk": 29,
    "fields": { "control": 7, "letter": "b" }
  },
  {
    "model": "policies.assessment_objective",
    "pk": 30,
    "fields": { "control": 7, "letter": "c" }
  },
  {
    "model": "policies.assessment_objective",
    "pk": 31,
    "fields": { "control": 7, "letter": "d" }
  },
  {
    "model": "policies.assessment_objective",
    "pk": 32,
    "fields": { "control": 8, "letter": "a" }
  },
  {
    "model": "policies.assessment_objective",
    "pk": 33,
    "fields": { "control": 8, "letter": "b" }
  },
  {
    "model": "policies.assessment_objective",
    "pk": 34,
    "fields": { "control": 9, "letter": "a" }
  },
  {
    "model": "policies.assessment_objective",
    "pk": 35,
    "fields": { "control": 9, "letter": "b" }
  },
  {
    "model": "policies.assessment_objective",
    "pk": 36,
    "fields": { "control": 9, "letter": "c" }
  },
  {
    "model": "policies.assessment_objective",
    "pk": 37,
    "fields": { "control": 9, "letter": "d" }
  },
  {
    "model": "policies.assessment_objective",
    "pk": 38,
    "fields": { "control": 10, "letter": "a" }
  },
  {
    "model": "policies.assessment_objective",
    "pk": 39,
    "fields": { "control": 10, "letter": "b" }
  },
  {
    "model": "policies.assessment_objective",
    "pk": 40,
    "fields": { "control": 11, "letter": "a" }
  },
  {
    "model": "policies.assessment_objective",
    "pk": 41,
    "fields": { "control": 11, "letter": "b" }
  },
  {
    "model": "policies.assessment_objective",
    "pk": 42,
    "fields": { "control": 12, "letter": "a" }
  },
  {
    "model": "policies.assessment_objective",
    "pk": 43,
    "fields": { "control": 12, "letter": "b" }
  },
  {
    "model": "policies.assessment_objective",
    "pk": 44,
    "fields": { "control": 12, "letter": "c" }
  },
  {
    "model": "policies.assessment_objective",
    "pk": 45,
    "fields": { "control": 13, "letter": "a" }
  },
  {
    "model": "policies.assessment_objective",
    "pk": 46,
    "fields": { "control": 13, "letter": "b" }
  },
  {
    "model": "policies.assessment_objective",
    "pk": 47,
    "fields": { "control": 14, "letter": "a" }
  },
  {
    "model": "policies.assessment_objective",
    "pk": 48,
    "fields": { "control": 14, "letter": "b" }
  },
  {
    "model": "policies.assessment_objective",
    "pk": 49,
    "fields": { "control": 14, "letter": "c" }
  },
  {
    "model": "policies.assessment_objective",
    "pk": 50,
    "fields": { "control": 14, "letter": "d" }
  },
  {
    "model": "policies.assessment_objective",
    "pk": 51,
    "fields": { "control": 15, "letter": "a" }
  },
  {
    "model": "policies.assessment_objective",
    "pk": 52,
    "fields": { "control": 15, "letter": "b" }
  },
  {
    "model": "policies.assessment_objective",
    "pk": 53,
    "fields": { "control": 16, "letter": "a" }
  },
  {
    "model": "policies.assessment_objective",
    "pk": 54,
    "fields": { "control": 16, "letter": "b" }
  },
  {
    "model": "policies.assessment_objective",
    "pk": 55,
    "fields": { "control": 17, "letter": "a" }
  },
  {
    "model": "policies.assessment_objective",
    "pk": 56,
    "fields": { "control": 17, "letter": "b" }
  },
  {
    "model": "policies.assessment_objective",
    "pk": 57,
    "fields": { "control": 17, "letter": "c" }
  },
  {
    "model": "policies.assessment_objective",
    "pk": 58,
    "fields": { "control": 17, "letter": "d" }
  },
  {
    "model": "policies.assessment_objective",
    "pk": 59,
    "fields": { "control": 18, "letter": "a" }
  },
  {
    "model": "policies.assessment_objective",
    "pk": 60,
    "fields": { "control": 18, "letter": "b" }
  },
  {
    "model": "policies.assessment_objective",
    "pk": 61,
    "fields": { "control": 19, "letter": "a" }
  },
  {
    "model": "policies.assessment_objective",
    "pk": 62,
    "fields": { "control": 19, "letter": "b" }
  },
  {
    "model": "policies.assessment_objective",
    "pk": 63,
    "fields": { "control": 20, "letter": "a" }
  },
  {
    "model": "policies.assessment_objective",
    "pk": 64,
    "fields": { "control": 20, "letter": "b" }
  },
  {
    "model": "policies.assessment_objective",
    "pk": 65,
    "fields": { "control": 20, "letter": "c" }
  },
  {
    "model": "policies.assessment_objective",
    "pk": 66,
    "fields": { "control": 21, "letter": "a" }
  },
  {
    "model": "policies.assessment_objective",
    "pk": 67,
    "fields": { "control": 21, "letter": "b" }
  },
  {
    "model": "policies.assessment_objective",
    "pk": 68,
    "fields": { "control": 22, "letter": "a" }
  },
  {
    "model": "policies.assessment_objective",
    "pk": 69,
    "fields": { "control": 22, "letter": "b" }
  },
  {
    "model": "policies.assessment_objective",
    "pk": 70,
    "fields": { "control": 22, "letter": "c" }
  },
  {
    "model": "policies.assessment_objective",
    "pk": 71,
    "fields": { "control": 23, "letter": "a" }
  },
  {
    "model": "policies.assessment_objective",
    "pk": 72,
    "fields": { "control": 23, "letter": "b" }
  },
  {
    "model": "policies.assessment_objective",
    "pk": 73,
    "fields": { "control": 23, "letter": "c" }
  },
  {
    "model": "policies.assessment_objective",
    "pk": 74,
    "fields": { "control": 23, "letter": "d" }
  },
  {
    "model": "policies.assessment_objective",
    "pk": 75,
    "fields": { "control": 24, "letter": "a" }
  },
  {
    "model": "policies.assessment_objective",
    "pk": 76,
    "fields": { "control": 24, "letter": "b" }
  },
  {
    "model": "policies.assessment_objective",
    "pk": 77,
    "fields": { "control": 24, "letter": "c" }
  },
  {
    "model": "policies.assessment_objective",
    "pk": 78,
    "fields": { "control": 25, "letter": "a" }
  },
  {
    "model": "policies.assessment_objective",
    "pk": 79,
    "fields": { "control": 25, "letter": "b" }
  },
  {
    "model": "policies.assessment_objective",
    "pk": 80,
    "fields": { "control": 26, "letter": "a" }
  },
  {
    "model": "policies.assessment_objective",
    "pk": 81,
    "fields": { "control": 26, "letter": "b" }
  },
  {
    "model": "policies.assessment_objective",
    "pk": 82,
    "fields": { "control": 26, "letter": "c" }
  },
  {
    "model": "policies.assessment_objective",
    "pk": 83,
    "fields": { "control": 26, "letter": "d" }
  },
  {
    "model": "policies.assessment_objective",
    "pk": 84,
    "fields": { "control": 26, "letter": "e" }
  },
  {
    "model": "policies.assessment_objective",
    "pk": 85,
    "fields": { "control": 26, "letter": "f" }
  },
  {
    "model": "policies.assessment_objective",
    "pk": 86,
    "fields": { "control": 27, "letter": "a" }
  },
  {
    "model": "policies.assessment_objective",
    "pk": 87,
    "fields": { "control": 27, "letter": "b" }
  },
  {
    "model": "policies.assessment_objective",
    "pk": 88,
    "fields": { "control": 28, "letter": "a" }
  },
  {
    "model": "policies.assessment_objective",
    "pk": 89,
    "fields": { "control": 28, "letter": "b" }
  },
  {
    "model": "policies.assessment_objective",
    "pk": 90,
    "fields": { "control": 28, "letter": "c" }
  },
  {
    "model": "policies.assessment_objective",
    "pk": 91,
    "fields": { "control": 29, "letter": "a" }
  },
  {
    "model": "policies.assessment_objective",
    "pk": 92,
    "fields": { "control": 29, "letter": "b" }
  },
  {
    "model": "policies.assessment_objective",
    "pk": 93,
    "fields": { "control": 29, "letter": "c" }
  },
  {
    "model": "policies.assessment_objective",
    "pk": 94,
    "fields": { "control": 30, "letter": "a" }
  },
  {
    "model": "policies.assessment_objective",
    "pk": 95,
    "fields": { "control": 30, "letter": "b" }
  },
  {
    "model": "policies.assessment_objective",
    "pk": 96,
    "fields": { "control": 31, "letter": "a" }
  },
  {
    "model": "policies.assessment_objective",
    "pk": 97,
    "fields": { "control": 31, "letter": "b" }
  },
  {
    "model": "policies.assessment_objective",
    "pk": 98,
    "fields": { "control": 32, "letter": "a" }
  },
  {
    "model": "policies.assessment_objective",
    "pk": 99,
    "fields": { "control": 32, "letter": "b" }
  },
  {
    "model": "policies.assessment_objective",
    "pk": 100,
    "fields": { "control": 32, "letter": "c" }
  },
  {
    "model": "policies.assessment_objective",
    "pk": 101,
    "fields": { "control": 33, "letter": "a" }
  },
  {
    "model": "policies.assessment_objective",
    "pk": 102,
    "fields": { "control": 33, "letter": "b" }
  },
  {
    "model": "policies.assessment_objective",
    "pk": 103,
    "fields": { "control": 33, "letter": "c" }
  },
  {
    "model": "policies.assessment_objective",
    "pk": 104,
    "fields": { "control": 33, "letter": "d" }
  },
  {
    "model": "policies.assessment_objective",
    "pk": 105,
    "fields": { "control": 33, "letter": "e" }
  },
  {
    "model": "policies.assessment_objective",
    "pk": 106,
    "fields": { "control": 33, "letter": "f" }
  },
  {
    "model": "policies.assessment_objective",
    "pk": 107,
    "fields": { "control": 34, "letter": "a" }
  },
  {
    "model": "policies.assessment_objective",
    "pk": 108,
    "fields": { "control": 34, "letter": "b" }
  },
  {
    "model": "policies.assessment_objective",
    "pk": 109,
    "fields": { "control": 35, "letter": "a" }
  },
  {
    "model": "policies.assessment_objective",
    "pk": 110,
    "fields": { "control": 35, "letter": "b" }
  },
  {
    "model": "policies.assessment_objective",
    "pk": 111,
    "fields": { "control": 35, "letter": "c" }
  },
  {
    "model": "policies.assessment_objective",
    "pk": 112,
    "fields": { "control": 35, "letter": "d" }
  },
  {
    "model": "policies.assessment_objective",
    "pk": 113,
    "fields": { "control": 35, "letter": "e" }
  },
  {
    "model": "policies.assessment_objective",
    "pk": 114,
    "fields": { "control": 35, "letter": "f" }
  },
  {
    "model": "policies.assessment_objective",
    "pk": 115,
    "fields": { "control": 36, "letter": "a" }
  },
  {
    "model": "policies.assessment_objective",
    "pk": 116,
    "fields": { "control": 36, "letter": "b" }
  },
  {
    "model": "policies.assessment_objective",
    "pk": 117,
    "fields": { "control": 37, "letter": "a" }
  },
  {
    "model": "policies.assessment_objective",
    "pk": 118,
    "fields": { "control": 37, "letter": "b" }
  },
  {
    "model": "policies.assessment_objective",
    "pk": 119,
    "fields": { "control": 37, "letter": "c" }
  },
  {
    "model": "policies.assessment_objective",
    "pk": 120,
    "fields": { "control": 37, "letter": "d" }
  },
  {
    "model": "policies.assessment_objective",
    "pk": 121,
    "fields": { "control": 38, "letter": "a" }
  },
  {
    "model": "policies.assessment_objective",
    "pk": 122,
    "fields": { "control": 39, "letter": "a" }
  },
  {
    "model": "policies.assessment_objective",
    "pk": 123,
    "fields": { "control": 39, "letter": "b" }
  },
  {
    "model": "policies.assessment_objective",
    "pk": 124,
    "fields": { "control": 39, "letter": "c" }
  },
  {
    "model": "policies.assessment_objective",
    "pk": 125,
    "fields": { "control": 39, "letter": "d" }
  },
  {
    "model": "policies.assessment_objective",
    "pk": 126,
    "fields": { "control": 39, "letter": "e" }
  },
  {
    "model": "policies.assessment_objective",
    "pk": 127,
    "fields": { "control": 39, "letter": "f" }
  },
  {
    "model": "policies.assessment_objective",
    "pk": 128,
    "fields": { "control": 39, "letter": "g" }
  },
  {
    "model": "policies.assessment_objective",
    "pk": 129,
    "fields": { "control": 39, "letter": "h" }
  },
  {
    "model": "policies.assessment_objective",
    "pk": 130,
    "fields": { "control": 40, "letter": "a" }
  },
  {
    "model": "policies.assessment_objective",
    "pk": 131,
    "fields": { "control": 40, "letter": "b" }
  },
  {
    "model": "policies.assessment_objective",
    "pk": 132,
    "fields": { "control": 41, "letter": "a" }
  },
  {
    "model": "policies.assessment_objective",
    "pk": 133,
    "fields": { "control": 41, "letter": "b" }
  },
  {
    "model": "policies.assessment_objective",
    "pk": 134,
    "fields": { "control": 41, "letter": "c" }
  },
  {
    "model": "policies.assessment_objective",
    "pk": 135,
    "fields": { "control": 41, "letter": "d" }
  },
  {
    "model": "policies.assessment_objective",
    "pk": 136,
    "fields": { "control": 41, "letter": "e" }
  },
  {
    "model": "policies.assessment_objective",
    "pk": 137,
    "fields": { "control": 41, "letter": "f" }
  },
  {
    "model": "policies.assessment_objective",
    "pk": 138,
    "fields": { "control": 41, "letter": "g" }
  },
  {
    "model": "policies.assessment_objective",
    "pk": 139,
    "fields": { "control": 41, "letter": "h" }
  },
  {
    "model": "policies.assessment_objective",
    "pk": 140,
    "fields": { "control": 41, "letter": "i" }
  },
  {
    "model": "policies.assessment_objective",
    "pk": 141,
    "fields": { "control": 41, "letter": "j" }
  },
  {
    "model": "policies.assessment_objective",
    "pk": 142,
    "fields": { "control": 41, "letter": "k" }
  },
  {
    "model": "policies.assessment_objective",
    "pk": 143,
    "fields": { "control": 41, "letter": "l" }
  },
  {
    "model": "policies.assessment_objective",
    "pk": 144,
    "fields": { "control": 41, "letter": "m" }
  },
  {
    "model": "policies.assessment_objective",
    "pk": 145,
    "fields": { "control": 41, "letter": "n" }
  },
  {
    "model": "policies.assessment_objective",
    "pk": 146,
    "fields": { "control": 41, "letter": "o" }
  },
  {
    "model": "policies.assessment_objective",
    "pk": 147,
    "fields": { "control": 42, "letter": "a" }
  },
  {
    "model": "policies.assessment_objective",
    "pk": 148,
    "fields": { "control": 42, "letter": "b" }
  },
  {
    "model": "policies.assessment_objective",
    "pk": 149,
    "fields": { "control": 42, "letter": "c" }
  },
  {
    "model": "policies.assessment_objective",
    "pk": 150,
    "fields": { "control": 43, "letter": "a" }
  },
  {
    "model": "policies.assessment_objective",
    "pk": 151,
    "fields": { "control": 43, "letter": "b" }
  },
  {
    "model": "policies.assessment_objective",
    "pk": 152,
    "fields": { "control": 43, "letter": "c" }
  },
  {
    "model": "policies.assessment_objective",
    "pk": 153,
    "fields": { "control": 44, "letter": "a" }
  },
  {
    "model": "policies.assessment_objective",
    "pk": 154,
    "fields": { "control": 44, "letter": "b" }
  },
  {
    "model": "policies.assessment_objective",
    "pk": 155,
    "fields": { "control": 44, "letter": "c" }
  },
  {
    "model": "policies.assessment_objective",
    "pk": 156,
    "fields": { "control": 45, "letter": "a" }
  },
  {
    "model": "policies.assessment_objective",
    "pk": 157,
    "fields": { "control": 45, "letter": "b" }
  },
  {
    "model": "policies.assessment_objective",
    "pk": 158,
    "fields": { "control": 45, "letter": "c" }
  },
  {
    "model": "policies.assessment_objective",
    "pk": 159,
    "fields": { "control": 46, "letter": "a" }
  },
  {
    "model": "policies.assessment_objective",
    "pk": 160,
    "fields": { "control": 46, "letter": "b" }
  },
  {
    "model": "policies.assessment_objective",
    "pk": 161,
    "fields": { "control": 46, "letter": "c" }
  },
  {
    "model": "policies.assessment_objective",
    "pk": 162,
    "fields": { "control": 46, "letter": "d" }
  },
  {
    "model": "policies.assessment_objective",
    "pk": 163,
    "fields": { "control": 47, "letter": "a" }
  },
  {
    "model": "policies.assessment_objective",
    "pk": 164,
    "fields": { "control": 48, "letter": "a" }
  },
  {
    "model": "policies.assessment_objective",
    "pk": 165,
    "fields": { "control": 48, "letter": "b" }
  },
  {
    "model": "policies.assessment_objective",
    "pk": 166,
    "fields": { "control": 49, "letter": "a" }
  },
  {
    "model": "policies.assessment_objective",
    "pk": 167,
    "fields": { "control": 49, "letter": "b" }
  },
  {
    "model": "policies.assessment_objective",
    "pk": 168,
    "fields": { "control": 50, "letter": "a" }
  },
  {
    "model": "policies.assessment_objective",
    "pk": 169,
    "fields": { "control": 50, "letter": "b" }
  },
  {
    "model": "policies.assessment_objective",
    "pk": 170,
    "fields": { "control": 50, "letter": "c" }
  },
  {
    "model": "policies.assessment_objective",
    "pk": 171,
    "fields": { "control": 50, "letter": "d" }
  },
  {
    "model": "policies.assessment_objective",
    "pk": 172,
    "fields": { "control": 51, "letter": "a" }
  },
  {
    "model": "policies.assessment_objective",
    "pk": 173,
    "fields": { "control": 51, "letter": "b" }
  },
  {
    "model": "policies.assessment_objective",
    "pk": 174,
    "fields": { "control": 52, "letter": "a" }
  },
  {
    "model": "policies.assessment_objective",
    "pk": 175,
    "fields": { "control": 53, "letter": "a" }
  },
  {
    "model": "policies.assessment_objective",
    "pk": 176,
    "fields": { "control": 53, "letter": "b" }
  },
  {
    "model": "policies.assessment_objective",
    "pk": 177,
    "fields": { "control": 54, "letter": "a" }
  },
  {
    "model": "policies.assessment_objective",
    "pk": 178,
    "fields": { "control": 55, "letter": "a" }
  },
  {
    "model": "policies.assessment_objective",
    "pk": 179,
    "fields": { "control": 55, "letter": "b" }
  },
  {
    "model": "policies.assessment_objective",
    "pk": 180,
    "fields": { "control": 55, "letter": "c" }
  },
  {
    "model": "policies.assessment_objective",
    "pk": 181,
    "fields": { "control": 55, "letter": "d" }
  },
  {
    "model": "policies.assessment_objective",
    "pk": 182,
    "fields": { "control": 55, "letter": "e" }
  },
  {
    "model": "policies.assessment_objective",
    "pk": 183,
    "fields": { "control": 55, "letter": "f" }
  },
  {
    "model": "policies.assessment_objective",
    "pk": 184,
    "fields": { "control": 55, "letter": "g" }
  },
  {
    "model": "policies.assessment_objective",
    "pk": 185,
    "fields": { "control": 56, "letter": "a" }
  },
  {
    "model": "policies.assessment_objective",
    "pk": 186,
    "fields": { "control": 56, "letter": "b" }
  },
  {
    "model": "policies.assessment_objective",
    "pk": 187,
    "fields": { "control": 56, "letter": "c" }
  },
  {
    "model": "policies.assessment_objective",
    "pk": 188,
    "fields": { "control": 56, "letter": "d" }
  },
  {
    "model": "policies.assessment_objective",
    "pk": 189,
    "fields": { "control": 56, "letter": "e" }
  },
  {
    "model": "policies.assessment_objective",
    "pk": 190,
    "fields": { "control": 56, "letter": "f" }
  },
  {
    "model": "policies.assessment_objective",
    "pk": 191,
    "fields": { "control": 57, "letter": "a" }
  },
  {
    "model": "policies.assessment_objective",
    "pk": 192,
    "fields": { "control": 58, "letter": "a" }
  },
  {
    "model": "policies.assessment_objective",
    "pk": 193,
    "fields": { "control": 59, "letter": "a" }
  },
  {
    "model": "policies.assessment_objective",
    "pk": 194,
    "fields": { "control": 59, "letter": "b" }
  },
  {
    "model": "policies.assessment_objective",
    "pk": 195,
    "fields": { "control": 59, "letter": "c" }
  },
  {
    "model": "policies.assessment_objective",
    "pk": 196,
    "fields": { "control": 59, "letter": "d" }
  },
  {
    "model": "policies.assessment_objective",
    "pk": 197,
    "fields": { "control": 60, "letter": "a" }
  },
  {
    "model": "policies.assessment_objective",
    "pk": 198,
    "fields": { "control": 61, "letter": "a" }
  },
  {
    "model": "policies.assessment_objective",
    "pk": 199,
    "fields": { "control": 62, "letter": "a" }
  },
  {
    "model": "policies.assessment_objective",
    "pk": 200,
    "fields": { "control": 62, "letter": "b" }
  },
  {
    "model": "policies.assessment_objective",
    "pk": 201,
    "fields": { "control": 63, "letter": "a" }
  },
  {
    "model": "policies.assessment_objective",
    "pk": 202,
    "fields": { "control": 64, "letter": "a" }
  },
  {
    "model": "policies.assessment_objective",
    "pk": 203,
    "fields": { "control": 64, "letter": "b" }
  },
  {
    "model": "policies.assessment_objective",
    "pk": 204,
    "fields": { "control": 65, "letter": "a" }
  },
  {
    "model": "policies.assessment_objective",
    "pk": 205,
    "fields": { "control": 65, "letter": "b" }
  },
  {
    "model": "policies.assessment_objective",
    "pk": 206,
    "fields": { "control": 65, "letter": "c" }
  },
  {
    "model": "policies.assessment_objective",
    "pk": 207,
    "fields": { "control": 65, "letter": "d" }
  },
  {
    "model": "policies.assessment_objective",
    "pk": 208,
    "fields": { "control": 66, "letter": "a" }
  },
  {
    "model": "policies.assessment_objective",
    "pk": 209,
    "fields": { "control": 67, "letter": "a" }
  },
  {
    "model": "policies.assessment_objective",
    "pk": 210,
    "fields": { "control": 67, "letter": "b" }
  },
  {
    "model": "policies.assessment_objective",
    "pk": 211,
    "fields": { "control": 68, "letter": "a" }
  },
  {
    "model": "policies.assessment_objective",
    "pk": 212,
    "fields": { "control": 68, "letter": "b" }
  },
  {
    "model": "policies.assessment_objective",
    "pk": 213,
    "fields": { "control": 69, "letter": "a" }
  },
  {
    "model": "policies.assessment_objective",
    "pk": 214,
    "fields": { "control": 70, "letter": "a" }
  },
  {
    "model": "policies.assessment_objective",
    "pk": 215,
    "fields": { "control": 71, "letter": "a" }
  },
  {
    "model": "policies.assessment_objective",
    "pk": 216,
    "fields": { "control": 72, "letter": "a" }
  },
  {
    "model": "policies.assessment_objective",
    "pk": 217,
    "fields": { "control": 73, "letter": "a" }
  },
  {
    "model": "policies.assessment_objective",
    "pk": 218,
    "fields": { "control": 74, "letter": "a" }
  },
  {
    "model": "policies.assessment_objective",
    "pk": 219,
    "fields": { "control": 74, "letter": "b" }
  },
  {
    "model": "policies.assessment_objective",
    "pk": 220,
    "fields": { "control": 74, "letter": "c" }
  },
  {
    "model": "policies.assessment_objective",
    "pk": 221,
    "fields": { "control": 75, "letter": "a" }
  },
  {
    "model": "policies.assessment_objective",
    "pk": 222,
    "fields": { "control": 75, "letter": "b" }
  },
  {
    "model": "policies.assessment_objective",
    "pk": 223,
    "fields": { "control": 75, "letter": "c" }
  },
  {
    "model": "policies.assessment_objective",
    "pk": 224,
    "fields": { "control": 75, "letter": "d" }
  },
  {
    "model": "policies.assessment_objective",
    "pk": 225,
    "fields": { "control": 76, "letter": "a" }
  },
  {
    "model": "policies.assessment_objective",
    "pk": 226,
    "fields": { "control": 76, "letter": "b" }
  },
  {
    "model": "policies.assessment_objective",
    "pk": 227,
    "fields": { "control": 77, "letter": "a" }
  },
  {
    "model": "policies.assessment_objective",
    "pk": 228,
    "fields": { "control": 78, "letter": "a" }
  },
  {
    "model": "policies.assessment_objective",
    "pk": 229,
    "fields": { "control": 78, "letter": "b" }
  },
  {
    "model": "policies.assessment_objective",
    "pk": 230,
    "fields": { "control": 78, "letter": "c" }
  },
  {
    "model": "policies.assessment_objective",
    "pk": 231,
    "fields": { "control": 79, "letter": "a" }
  },
  {
    "model": "policies.assessment_objective",
    "pk": 232,
    "fields": { "control": 79, "letter": "b" }
  },
  {
    "model": "policies.assessment_objective",
    "pk": 233,
    "fields": { "control": 79, "letter": "c" }
  },
  {
    "model": "policies.assessment_objective",
    "pk": 234,
    "fields": { "control": 79, "letter": "d" }
  },
  {
    "model": "policies.assessment_objective",
    "pk": 235,
    "fields": { "control": 80, "letter": "a" }
  },
  {
    "model": "policies.assessment_objective",
    "pk": 236,
    "fields": { "control": 80, "letter": "b" }
  },
  {
    "model": "policies.assessment_objective",
    "pk": 237,
    "fields": { "control": 81, "letter": "a" }
  },
  {
    "model": "policies.assessment_objective",
    "pk": 238,
    "fields": { "control": 81, "letter": "b" }
  },
  {
    "model": "policies.assessment_objective",
    "pk": 239,
    "fields": { "control": 82, "letter": "a" }
  },
  {
    "model": "policies.assessment_objective",
    "pk": 240,
    "fields": { "control": 82, "letter": "b" }
  },
  {
    "model": "policies.assessment_objective",
    "pk": 241,
    "fields": { "control": 82, "letter": "c" }
  },
  {
    "model": "policies.assessment_objective",
    "pk": 242,
    "fields": { "control": 82, "letter": "d" }
  },
  {
    "model": "policies.assessment_objective",
    "pk": 243,
    "fields": { "control": 82, "letter": "e" }
  },
  {
    "model": "policies.assessment_objective",
    "pk": 244,
    "fields": { "control": 83, "letter": "a" }
  },
  {
    "model": "policies.assessment_objective",
    "pk": 245,
    "fields": { "control": 83, "letter": "b" }
  },
  {
    "model": "policies.assessment_objective",
    "pk": 246,
    "fields": { "control": 84, "letter": "a" }
  },
  {
    "model": "policies.assessment_objective",
    "pk": 247,
    "fields": { "control": 84, "letter": "b" }
  },
  {
    "model": "policies.assessment_objective",
    "pk": 248,
    "fields": { "control": 85, "letter": "a" }
  },
  {
    "model": "policies.assessment_objective",
    "pk": 249,
    "fields": { "control": 85, "letter": "b" }
  },
  {
    "model": "policies.assessment_objective",
    "pk": 250,
    "fields": { "control": 85, "letter": "c" }
  },
  {
    "model": "policies.assessment_objective",
    "pk": 251,
    "fields": { "control": 86, "letter": "a" }
  },
  {
    "model": "policies.assessment_objective",
    "pk": 252,
    "fields": { "control": 87, "letter": "a" }
  },
  {
    "model": "policies.assessment_objective",
    "pk": 253,
    "fields": { "control": 87, "letter": "b" }
  },
  {
    "model": "policies.assessment_objective",
    "pk": 254,
    "fields": { "control": 87, "letter": "c" }
  },
  {
    "model": "policies.assessment_objective",
    "pk": 255,
    "fields": { "control": 87, "letter": "d" }
  },
  {
    "model": "policies.assessment_objective",
    "pk": 256,
    "fields": { "control": 87, "letter": "e" }
  },
  {
    "model": "policies.assessment_objective",
    "pk": 257,
    "fields": { "control": 87, "letter": "f" }
  },
  {
    "model": "policies.assessment_objective",
    "pk": 258,
    "fields": { "control": 87, "letter": "g" }
  },
  {
    "model": "policies.assessment_objective",
    "pk": 259,
    "fields": { "control": 87, "letter": "h" }
  },
  {
    "model": "policies.assessment_objective",
    "pk": 260,
    "fields": { "control": 88, "letter": "a" }
  },
  {
    "model": "policies.assessment_objective",
    "pk": 261,
    "fields": { "control": 88, "letter": "b" }
  },
  {
    "model": "policies.assessment_objective",
    "pk": 262,
    "fields": { "control": 88, "letter": "c" }
  },
  {
    "model": "policies.assessment_objective",
    "pk": 263,
    "fields": { "control": 88, "letter": "d" }
  },
  {
    "model": "policies.assessment_objective",
    "pk": 264,
    "fields": { "control": 88, "letter": "e" }
  },
  {
    "model": "policies.assessment_objective",
    "pk": 265,
    "fields": { "control": 88, "letter": "f" }
  },
  {
    "model": "policies.assessment_objective",
    "pk": 266,
    "fields": { "control": 88, "letter": "g" }
  },
  {
    "model": "policies.assessment_objective",
    "pk": 267,
    "fields": { "control": 88, "letter": "h" }
  },
  {
    "model": "policies.assessment_objective",
    "pk": 268,
    "fields": { "control": 89, "letter": "a" }
  },
  {
    "model": "policies.assessment_objective",
    "pk": 269,
    "fields": { "control": 89, "letter": "b" }
  },
  {
    "model": "policies.assessment_objective",
    "pk": 270,
    "fields": { "control": 90, "letter": "a" }
  },
  {
    "model": "policies.assessment_objective",
    "pk": 271,
    "fields": { "control": 90, "letter": "b" }
  },
  {
    "model": "policies.assessment_objective",
    "pk": 272,
    "fields": { "control": 90, "letter": "c" }
  },
  {
    "model": "policies.assessment_objective",
    "pk": 273,
    "fields": { "control": 90, "letter": "d" }
  },
  {
    "model": "policies.assessment_objective",
    "pk": 274,
    "fields": { "control": 90, "letter": "e" }
  },
  {
    "model": "policies.assessment_objective",
    "pk": 275,
    "fields": { "control": 90, "letter": "f" }
  },
  {
    "model": "policies.assessment_objective",
    "pk": 276,
    "fields": { "control": 91, "letter": "a" }
  },
  {
    "model": "policies.assessment_objective",
    "pk": 277,
    "fields": { "control": 91, "letter": "b" }
  },
  {
    "model": "policies.assessment_objective",
    "pk": 278,
    "fields": { "control": 91, "letter": "c" }
  },
  {
    "model": "policies.assessment_objective",
    "pk": 279,
    "fields": { "control": 92, "letter": "a" }
  },
  {
    "model": "policies.assessment_objective",
    "pk": 280,
    "fields": { "control": 93, "letter": "a" }
  },
  {
    "model": "policies.assessment_objective",
    "pk": 281,
    "fields": { "control": 93, "letter": "b" }
  },
  {
    "model": "policies.assessment_objective",
    "pk": 282,
    "fields": { "control": 94, "letter": "a" }
  },
  {
    "model": "policies.assessment_objective",
    "pk": 283,
    "fields": { "control": 95, "letter": "a" }
  },
  {
    "model": "policies.assessment_objective",
    "pk": 284,
    "fields": { "control": 95, "letter": "b" }
  },
  {
    "model": "policies.assessment_objective",
    "pk": 285,
    "fields": { "control": 95, "letter": "c" }
  },
  {
    "model": "policies.assessment_objective",
    "pk": 286,
    "fields": { "control": 96, "letter": "a" }
  },
  {
    "model": "policies.assessment_objective",
    "pk": 287,
    "fields": { "control": 96, "letter": "b" }
  },
  {
    "model": "policies.assessment_objective",
    "pk": 288,
    "fields": { "control": 96, "letter": "c" }
  },
  {
    "model": "policies.assessment_objective",
    "pk": 289,
    "fields": { "control": 97, "letter": "a" }
  },
  {
    "model": "policies.assessment_objective",
    "pk": 290,
    "fields": { "control": 97, "letter": "b" }
  },
  {
    "model": "policies.assessment_objective",
    "pk": 291,
    "fields": { "control": 98, "letter": "a" }
  },
  {
    "model": "policies.assessment_objective",
    "pk": 292,
    "fields": { "control": 99, "letter": "a" }
  },
  {
    "model": "policies.assessment_objective",
    "pk": 293,
    "fields": { "control": 99, "letter": "b" }
  },
  {
    "model": "policies.assessment_objective",
    "pk": 294,
    "fields": { "control": 99, "letter": "c" }
  },
  {
    "model": "policies.assessment_objective",
    "pk": 295,
    "fields": { "control": 100, "letter": "a" }
  },
  {
    "model": "policies.assessment_objective",
    "pk": 296,
    "fields": { "control": 100, "letter": "b" }
  },
  {
    "model": "policies.assessment_objective",
    "pk": 297,
    "fields": { "control": 101, "letter": "a" }
  },
  {
    "model": "policies.assessment_objective",
    "pk": 298,
    "fields": { "control": 101, "letter": "b" }
  },
  {
    "model": "policies.assessment_objective",
    "pk": 299,
    "fields": { "control": 102, "letter": "a" }
  },
  {
    "model": "policies.assessment_objective",
    "pk": 300,
    "fields": { "control": 103, "letter": "a" }
  },
  {
    "model": "policies.assessment_objective",
    "pk": 301,
    "fields": { "control": 104, "letter": "a" }
  },
  {
    "model": "policies.assessment_objective",
    "pk": 302,
    "fields": { "control": 104, "letter": "b" }
  },
  {
    "model": "policies.assessment_objective",
    "pk": 303,
    "fields": { "control": 104, "letter": "c" }
  },
  {
    "model": "policies.assessment_objective",
    "pk": 304,
    "fields": { "control": 104, "letter": "d" }
  },
  {
    "model": "policies.assessment_objective",
    "pk": 305,
    "fields": { "control": 104, "letter": "e" }
  },
  {
    "model": "policies.assessment_objective",
    "pk": 306,
    "fields": { "control": 104, "letter": "f" }
  },
  {
    "model": "policies.assessment_objective",
    "pk": 307,
    "fields": { "control": 105, "letter": "a" }
  },
  {
    "model": "policies.assessment_objective",
    "pk": 308,
    "fields": { "control": 105, "letter": "b" }
  },
  {
    "model": "policies.assessment_objective",
    "pk": 309,
    "fields": { "control": 106, "letter": "a" }
  },
  {
    "model": "policies.assessment_objective",
    "pk": 310,
    "fields": { "control": 107, "letter": "a" }
  },
  {
    "model": "policies.assessment_objective",
    "pk": 311,
    "fields": { "control": 107, "letter": "b" }
  },
  {
    "model": "policies.assessment_objective",
    "pk": 312,
    "fields": { "control": 107, "letter": "c" }
  },
  {
    "model": "policies.assessment_objective",
    "pk": 313,
    "fields": { "control": 108, "letter": "a" }
  },
  {
    "model": "policies.assessment_objective",
    "pk": 314,
    "fields": { "control": 108, "letter": "b" }
  },
  {
    "model": "policies.assessment_objective",
    "pk": 315,
    "fields": { "control": 108, "letter": "c" }
  },
  {
    "model": "policies.assessment_objective",
    "pk": 316,
    "fields": { "control": 109, "letter": "a" }
  },
  {
    "model": "policies.assessment_objective",
    "pk": 317,
    "fields": { "control": 109, "letter": "b" }
  },
  {
    "model": "policies.assessment_objective",
    "pk": 318,
    "fields": { "control": 109, "letter": "c" }
  },
  {
    "model": "policies.assessment_objective",
    "pk": 319,
    "fields": { "control": 110, "letter": "a" }
  },
  {
    "model": "policies.assessment_objective",
    "pk": 320,
    "fields": { "control": 110, "letter": "b" }
  }
]
